ticket_id,airline_flight,name,gender,dob,dop,dod,is_adult,from,to,distance,num_stops,has_loyalty,price_tier,price
IDXX93513,Adonis\AS-998,Ms. Johnna Johnson,F,2001-12-06,2021-05-24,2021-06-08,1,Croatia,Bulgaria,865.1,1,1,2,513.15
IDYY64279,Calisto\CS-120,Mr. Mark Ludeker,M,1986-02-11,2021-10-23,2022-09-18,1,Mongolia,Suriname,14048.36,1,0,2,2666.03
IDYY04574,Calisto\CS-368,Mr. Wayne Ruiz,M,2018-01-14,2021-02-23,2022-02-18,1,Burundi,Montenegro,5238.48,2,1,1,549.77
IDZZ04847,Omega\OG-052,Mr. Anthony Rader,M,2017-06-20,2021-01-30,2021-07-07,0,Panama,Jordan,12037.08,2,1,2,1469.49
IDXX97459,Adonis\AS-873,Ms. Kimberly Davis,F,1990-12-04,2021-03-06,2021-05-02,1,Belarus,Australia,13285.1,2,0,3,4277.56
IDYY79741,Calisto\CS-769,Mr. Leroy Bosco,M,2016-10-08,2021-02-01,2021-12-22,0,Austria,Paraguay,10735.4,1,1,1,1045.77
IDXX62278,Adonis\AS-531,Mr. Andrew Louis,M,1988-12-20,2021-09-24,2022-01-30,1,Kiribati,Uruguay,11940.8,1,0,2,2790.91
IDZZ33694,Omega\OG-039,Mr. Thomas Hardy,M,1983-06-09,2021-10-09,2022-06-02,1,Libya,Ecuador,10648.8,2,0,1,940.53
IDZZ18599,Omega\OG-314,Ms. Peggy Suarez,F,1982-06-28,2021-06-10,2021-11-06,1,Christmas Island,Mauritania,13186.47,1,1,2,1791.91
IDZZ72899,Omega\OG-141,Ms. Angela Murphy,F,2007-06-02,2021-09-25,2021-10-06,0,South Korea,Panama,14255.55,1,0,2,2010.43
IDXX87325,Adonis\AS-427,Ms. Edith Lander,F,1990-02-01,2021-03-13,2021-12-25,1,South Africa,São Tomé and Príncipe,3833.65,2,0,2,1082.14
IDXX42843,Adonis\AS-055,Mr. Gerald Coleman,M,2018-02-15,2021-05-19,Fri Mar 11 00:00:00 2022,0,Jamaica,Brazil,4551.62,1,0,1,757.61
IDZZ19290,Omega\OG-184,Mr. David Mcpherson,M,2016-01-02,2021-11-08,2022-10-16,0,Slovakia,Belgium,1115.77,0,0,2,536.86
IDXX75032,Adonis\AS-662,Ms. Sylvia Baxter,F,1980-05-12,2021-04-18,2022-04-13,1,Croatia,Cambodia,9015.49,1,1,1,1170.2
IDYY08729,Calisto\CS-954,Mr. Michael Farmer,M,2009-02-10,2021-01-31,2021-04-27,0,Latvia,Singapore,9238.72,2,1,2,1492.61
IDZZ25821,Omega\OG-069,Ms. Tiffany Dobiesz,F,2002-03-02,2021-02-23,2021-10-16,1,Senegal,Gabon,3338.3,1,1,2,731.52
IDXX36031,Adonis\AS-021,Mr. Jerry Tillett,M,1994-03-12,2021-01-24,2021-08-04,1,Ethiopia,Belize,13705.66,1,0,1,1773.36
IDYY35017,Calisto\CS-099,Mr. Charles Chaidez,M,2000-05-16,2021-03-29,2021-11-14,1,Christmas Island,Saint Kitts and Nevis,18574.03,2,0,2,3269.22
IDXX32405,Adonis\AS-127,Ms. Silvia Booth,F,2013-02-11,2021-08-22,2022-07-19,0,Guadeloupe,Serbia,8168.27,2,1,1,908.41
IDYY34866,Calisto\CS-937,Ms. Karin Freudenburg,F,1982-11-24,2021-02-19,2021-05-05,1,Saint Helena,Montenegro,8030.23,2,0,2,1588.83
IDYY56088,Calisto\CS-353,Mr. Timothy Mckinney,M,2005-05-07,2021-02-01,2021-09-03,1,Maldives,Cameroon,6757.95,1,0,1,955.1
IDZZ54935,Omega\OG-575,Ms. Etta Nadeau,F,2014-10-26,2021-02-26,2021-06-12,0,Dominica,Monaco,7142.38,1,0,2,1167.64
IDZZ26797,Omega\OG-706,Ms. Amy Six,F,2003-02-17,2021-04-25,2022-02-12,1,U.S. Virgin Islands,Benin,7298.27,1,0,2,1301.31
IDYY61973,Calisto\CS-750,Mr. Stephen Jacquez,M,1992-07-30,2021-11-25,2022-05-24,1,Slovakia,Papua New Guinea,13010.45,1,0,1,1459.2
IDXX03368,Adonis\AS-107,Ms. Angela Meyer,F,1996-08-11,2021-07-02,2022-02-28,1,Monaco,Suriname,7604.68,2,0,1,1057.59
IDXX75967,Adonis\AS-521,Ms. Evelyn Landry,F,2009-08-18,2021-02-25,2021-04-19,0,Japan,São Tomé and Príncipe,13613.12,1,1,2,2712.17
IDYY90867,Calisto\CS-469,Mr. Lyle Villanueva,M,1986-10-12,2021-05-09,2021-07-10,1,Estonia,Rwanda,6752.35,2,0,2,1380.59
IDXX65152,Adonis\AS-286,Mr. James Christenson,M,2001-10-03,2021-07-15,2022-06-24,1,Taiwan,Cambodia,2091.89,2,0,1,515.67
IDZZ06182,Omega\OG-098,Mr. Willie Richey,M,2017-05-14,2021-03-27,2022-03-26,0,Liberia,Burkina Faso,1079.13,2,0,2,316.25
IDZZ01224,Omega\OG-917,Mr. Herbert Taylor,M,2008-11-17,2021-11-12,2022-03-17,0,Egypt,Barbados,9394.14,1,0,2,1431.33
IDYY09587,Calisto\CS-938,Mr. Lawrence Gagne,M,1998-07-13,2021-10-12,2022-04-03,1,Barbados,Bahrain,11317.5,1,1,2,2006.08
IDZZ99790,Omega\OG-814,Mr. Frederick Robinson,M,1991-03-20,2021-02-21,2021-06-03,1,Saint Pierre and Miquelon,Singapore,14320.57,1,1,2,1913.23
IDZZ90975,Omega\OG-787,Mr. Clarence Kennedy,M,1992-15-10,2021-01-03,2021-05-08,1,Nepal,Saint Lucia,14012.16,2,0,2,1987.25
IDYY23970,Calisto\CS-732,Ms. Ada Nunez,F,2006-11-18,2021-04-21,2021-05-09,0,United Arab Emirates,Bangladesh,3715.11,0,1,3,1178.85
IDYY12944,Calisto\CS-150,Mr. Joseph Donovan,M,1981-12-02,2021-02-04,2021-10-24,1,Panama,El Salvador,1061.6,1,0,2,589.47
IDYY59075,Calisto\CS-354,Mr. Robert Robertson,M,2013-10-30,2021-03-05,2021-05-22,0,Equatorial Guinea,Cuba,9749.15,0,1,2,1774.77
IDZZ07228,Omega\OG-389,Mr. Alec Pugliese,M,1995-07-21,2021-04-24,2021-12-07,1,Liberia,Cook Islands,16444.29,1,1,1,1260.84
IDZZ94320,Omega\OG-796,Ms. Constance Phillips,F,2003-15-01,2021-06-23,2021-09-28,1,Saint Helena,Djibouti,6981.35,1,1,2,1123.93
IDXX40475,Adonis\AS-378,Ms. Marlene Hoffmann,F,1994-09-21,2021-07-02,2022-06-09,1,Jersey,Saint Pierre and Miquelon,3947.64,2,0,1,700.9
IDYY13266,Calisto\CS-978,Mr. Daniel Hodge,M,2017-04-21,2021-04-23,2021-07-14,0,Norway,Belarus,1390.22,1,1,2,464.27
IDXX31334,Adonis\AS-935,Mr. Albert Mitchell,M,2008-12-12,2021-02-17,Sun Nov  7 00:00:00 2021,0,Egypt,Georgia,2068.34,2,0,2,609.56
IDYY77988,Calisto\CS-897,Ms. Marci Thong,F,1988-03-28,2021-08-05,2022-03-08,1,Brunei,Angola,10863.27,2,0,1,1164.45
IDXX46328,Adonis\AS-212,Ms. Marie Kenney,F,2019-05-20,2021-01-09,2021-10-23,0,Falkland Islands [Islas Malvinas],Jordan,13019.09,1,0,2,2898.45
IDZZ93977,Omega\OG-851,Mr. Richard Nelson,M,1996-11-14,2021-02-20,2021-04-06,1,Costa Rica,Qatar,13783.13,2,0,2,1944.75
IDXX42298,Adonis\AS-040,Ms. Nola Short,F,1990-11-10,2021-11-06,2022-01-06,1,North Korea,Martinique,13853.34,1,0,2,3169.5
IDZZ37809,Omega\OG-756,Ms. Allyson Decambra,F,2021-04-10,2021-09-26,2022-05-13,0,Spain,Malta,1660.1,0,1,1,453.2
IDXX28164,Adonis\AS-384,Ms. Maria Giddens,F,2016-08-05,2021-04-19,2022-02-21,0,Zambia,Suriname,9455.93,0,1,1,1215.29
IDXX53189,Adonis\AS-666,Ms. Merry Cantey,F,2009-10-26,2021-02-26,2021-12-23,0,Switzerland,Burundi,5978.99,0,0,1,1005.0
IDXX66415,Adonis\AS-325,Ms. Peggy Tull,F,1981-08-25,2021-09-04,2022-08-09,1,Belize,Martinique,2952.23,0,1,1,709.71
IDXX69867,Adonis\AS-546,Ms. Thelma Kim,F,1997-07-21,2021-04-23,2021-08-25,1,American Samoa,Iceland,13983.99,2,1,2,2792.47
IDZZ54005,Omega\OG-289,Mr. James Medeiros,M,1990-10-13,2021-03-20,2021-05-15,1,Qatar,El Salvador,13894.41,1,1,3,2617.34
IDYY58882,Calisto\CS-348,Mr. Louis Nelson,M,2011-02-24,2021-06-11,2021-12-26,0,French Polynesia,Cook Islands,1157.91,2,0,2,367.99
IDYY43320,Calisto\CS-195,Mr. Gary Small,M,2004-05-16,2021-11-24,2021-12-27,1,Grenada,Togo,6832.55,1,1,3,1363.46
IDYY66063,Calisto\CS-364,Mr. Charles Howell,M,2021-09-09,2021-01-05,2021-04-12,0,Nigeria,Norfolk Island,16935.84,1,0,2,3010.13
IDXX11890,Adonis\AS-260,Mr. Joe Anderson,M,2014-08-17,2021-12-10,2022-09-28,0,Namibia,Tonga,14904.4,1,1,1,1596.67
IDXX21328,Adonis\AS-117,Mr. Kenneth Hutto,M,2013-05-21,2021-11-18,2022-07-05,0,Jordan,Micronesia,11866.48,2,0,1,1392.07
IDXX25983,Adonis\AS-582,Ms. Georgia Crow,F,1989-03-24,2021-01-01,2021-03-07,1,India,Moldova,5411.71,0,1,2,1432.25
IDYY22574,Calisto\CS-122,Mr. Ronnie Bell,M,2004-07-31,2021-09-08,2021-12-02,1,Finland,Micronesia,10993.94,2,1,2,1849.98
IDXX50095,Adonis\AS-138,Mr. Robert Christopher,M,1995-07-06,2021-11-24,2022-04-26,1,Cocos [Keeling] Islands,Austria,10447.29,2,1,2,2159.18
IDXX84986,Omega\OG-645,Ms. Luanne Stanely,F,2016-02-27,2021-11-23,2022-07-21,0,Mauritius,Peru,13891.23,2,1,1,1425.06
IDZZ60305,Omega\OG-511,Mr. Jason Simmons,M,2005-06-05,2021-05-05,2022-03-17,1,Bahamas,Tokelau,10885.74,1,1,1,957.19
IDZZ51281,Omega\OG-584,Mr. Michael Grimes,M,2016-02-29,2021-01-26,2021-02-08,0,Czech Republic,Gaza Strip,2584.39,1,1,2,557.98
IDXX43900,Adonis\AS-129,Ms. Jennifer Nosal,F,2012-08-18,2021-10-03,2022-08-02,0,Guyana,Canada,7069.32,1,1,1,900.81
IDXX58269,Adonis\AS-326,Ms. Chanda Hulse,F,1990-08-06,2021-07-25,2021-10-23,1,New Caledonia,Paraguay,13167.69,2,1,2,2639.33
IDXX23798,Adonis\AS-306,Ms. Delores Kozlowski,F,1984-03-31,2021-10-22,2022-01-14,1,Colombia,Gaza Strip,11499.6,1,0,2,2702.12
IDXX24314,Adonis\AS-035,Ms. Joann Back,F,2007-03-17,2021-11-29,2022-08-17,0,British Virgin Islands,Uruguay,5749.14,1,0,1,869.24
IDYY50245,Calisto\CS-563,Ms. Rebecca Long,F,1992-01-03,2021-05-07,2021-11-12,1,Armenia,Spain,4089.86,1,1,1,676.12
IDZZ90821,Omega\OG-913,Mr. Andrew Quiggle,M,2014-03-03,2021-06-03,2021-12-28,0,Fiji,Venezuela,12777.72,1,1,1,959.5
IDZZ44325,Omega\OG-674,Mr. James Hatfield,M,1994-08-29,2021-04-27,2021-10-17,1,Namibia,Angola,1310.16,1,1,2,512.97
IDXX30784,Adonis\AS-257,Ms. Jennifer Vella,F,1980-06-23,2021-07-21,2021-08-19,1,Wallis and Futuna,Singapore,8869.02,0,1,2,2046.58
IDXX11161,Adonis\AS-224,Mr. Richard Woolf,M,1994-05-22,2021-09-29,2022-02-13,1,Paraguay,Somalia,11740.56,2,1,2,2378.21
IDYY75024,Calisto\CS-764,Ms. Fannie Petersen,F,1997-01-05,2021-12-13,2022-10-07,1,Iraq,American Samoa,16025.94,2,1,1,1420.31
IDYY91709,Calisto\CS-691,Ms. Nancy Carpentieri,F,1996-02-12,2021-05-07,2022-02-01,1,Kuwait,Italy,3425.59,1,1,1,621.94
IDYY87812,Calisto\CS-454,Ms. Judy Grubb,F,1981-05-13,2021-02-25,2021-03-05,1,French Polynesia,Timor-Leste,9180.01,0,0,2,2008.34
IDZZ03266,Omega\OG-623,Ms. Melissa Lucey,F,1984-04-22,2021-11-26,2022-03-08,1,Hong Kong,Cayman Islands,15106.36,2,0,2,2110.22
IDZZ14001,Omega\OG-232,Ms. Letitia Weible,F,1986-08-15,2021-11-02,2021-11-10,1,South Africa,Sweden,10102.76,1,1,2,1455.25
IDZZ08937,Omega\OG-837,Mr. Jeremiah Ahrens,M,2019-12-26,2021-05-03,2022-03-24,0,Denmark,Germany,570.94,2,0,1,227.28
IDZZ66482,Omega\OG-286,Mr. Keven Huddleston,M,2004-01-06,2021-06-20,2021-09-18,1,Turks and Caicos Islands,Puerto Rico,668.02,0,1,2,535.23
IDYY69434,Calisto\CS-819,Ms. Monique Swineford,F,1985-06-30,2021-06-20,2021-09-19,1,Somalia,Suriname,11330.84,2,0,2,2116.65
IDXX30621,Adonis\AS-995,Mr. Barry Treuter,M,1985-01-09,2021-05-02,2021-07-02,1,South Georgia and the South Sandwich Islands,Portugal,10790.56,2,0,2,2458.41
IDZZ43747,Omega\OG-947,Mr. George Lockard,M,2021-08-05,2021-12-14,2022-01-28,0,Mauritania,Christmas Island,13186.47,1,0,2,1876.48
IDYY98806,Calisto\CS-749,Mr. Christopher Curtis,M,2003-12-16,2021-05-27,2021-07-18,1,Cameroon,Kiribati,19575.83,2,0,3,4995.03
IDYY03698,Calisto\CS-993,Mr. Daniel Rogers,M,1984-02-10,2021-09-21,2022-08-22,0,Libya,Côte d'Ivoire,3191.39,1,1,1,604.61
IDZZ61692,Omega\OG-010,Mr. Scott Boyd,M,2016-04-12,2021-07-07,2022-03-19,0,El Salvador,Pitcairn Islands,5990.32,0,0,2,1135.03
IDXX23171,Adonis\AS-255,Mr. Marc Beck,F,1993-02-09,2021-06-29,2021-07-04,1,Russia,Belize,11189.27,2,1,3,3292.11
IDZZ56382,Omega\OG-554,Mr. Phillip Barnes,M,2020-07-28,2021-01-28,2021-12-07,0,Moldova,Croatia,1044.41,1,1,1,330.47
IDYY84623,Calisto\CS-070,Ms. Virginia Wood,F,2008-02-17,2021-01-09,2021-04-21,0,Heard Island and McDonald Islands,Luxembourg,13079.27,1,1,2,2155.81
IDXX23312,Adonis\AS-529,Ms. Elisabeth Shannon,F,2017-02-19,2021-11-07,2022-07-26,0,Paraguay,Peru,8830.02,2,0,1,440.09
IDZZ42822,Omega\OG-640,Ms. Maria Morgan,F,2003-01-14,2021-09-04,2022-01-03,1,Germany,Armenia,2927.52,0,0,2,876.13
IDZZ18337,Omega\OG-373,Mr. Donald Peck,M,2015-09-16,2021-08-17,2021-09-06,0,Sudan,Moldova,3849.73,2,0,2,646.9
IDXX26380,Adonis\AS-867,Mr. John Bentson,M,2001-02-26,2021-07-22,2022-02-26,1,Togo,Central African Republic,2230.27,1,1,2,759.39
IDYY38857,Calisto\CS-118,Ms. Victoria Siegfried,F,2013-08-16,2021-12-12,2022-04-30,0,Saint Lucia,Bolivia,3373.96,0,1,2,864.64
IDYY08543,Calisto\CS-541,Ms. Martha Rowland,F,1996-02-12,2021-08-25,2022-03-29,1,Guatemala,Senegal,8095.43,1,0,1,1072.54
IDZZ08091,Omega\OG-849,Ms. Kristin Brinkley,F,1997-02-27,2021-11-06,2022-10-22,1,Bahrain,Dominica,11359.25,1,1,2,1593.72
IDZZ67305,Omega\OG-205,Ms. Mary Navarez,F,2020-02-12,2021-02-18,2021-05-07,0,Benin,Equatorial Guinea,1225.45,2,1,2,309.82
IDYY29623,Calisto\CS-773,Ms. Marguerite Richards,F,1982-10-27,2021-02-05,2021-07-18,1,Zimbabwe,Haiti,11850.22,2,1,2,1963.9
IDYY95535,Calisto\CS-494,Ms. Verdell Russ,F,1996-04-08,2021-04-21,2021-04-27,1,Fiji,Thailand,9334.75,1,0,2,1914.15
IDYY92865,Calisto\CS-480,Mr. Steve Carver,M,1980-03-23,2021-03-10,2021-11-01,1,Puerto Rico,Svalbard and Jan Mayen,8045.76,1,1,1,952.54
IDXX30278,Adonis\AS-257,Mr. David Mancini,M,1985-08-18,2021-08-25,2021-09-22,1,Luxembourg,Equatorial Guinea,5375.91,1,1,2,1334.18
IDYY61283,Calisto\CS-208,Ms. Estelle Keenan,F,2019-05-26,2021-08-01,2022-07-20,0,Pitcairn Islands,Montenegro,16404.52,2,0,1,1492.02
IDZZ49990,Omega\OG-037,Mr. Tyson Jackson,M,2014-09-22,2021-12-29,2022-04-19,0,Sierra Leone,Venezuela,6049.53,0,0,2,1141.11
IDZZ23536,Omega\OG-688,Mr. Bob Smith,M,1996-08-11,2021-07-12,2021-09-17,1,Qatar,Afghanistan,1858.9,1,1,2,568.26
IDXX79412,Adonis\AS-558,Ms. Julia Shute,F,1986-05-08,2021-07-16,2021-10-10,1,Peru,Niger,9605.09,2,1,2,1995.86
IDXX18930,Adonis\AS-006,Ms. Antoinette Ford,F,2021-05-01,2021-01-26,2021-10-22,0,Monaco,Guinea,4110.09,0,0,1,804.63
IDXX26779,Adonis\AS-196,Mr. Bryan Montgomery,M,2021-12-30,2021-03-29,2021-10-02,0,Italy,Swaziland,7858.06,1,0,2,1877.88
IDXX72494,Adonis\AS-503,Mr. Gregory Dash,M,1993-09-05,2021-11-11,2021-12-22,1,Liberia,Slovenia,5005.44,1,1,2,1266.44
IDZZ06583,Omega\OG-487,Mr. Issac Encinas,M,2016-11-14,2021-01-07,2021-08-01,0,Philippines,American Samoa,8091.71,2,0,2,1162.08
IDZZ29089,Omega\OG-178,Ms. Susan Zavala,F,2013-04-10,2021-10-15,2021-12-04,0,Jordan,Armenia,1322.57,0,0,3,645.65
IDZZ86603,Omega\OG-425,Mr. Donald Rojas,M,2007-09-16,2021-11-13,2022-04-09,0,Macau,Croatia,8910.95,1,0,2,1365.12
IDZZ78001,Omega\OG-833,Ms. Lorraine Skinner,F,2004-04-11,2021-11-08,2022-10-03,1,Greenland,Antigua and Barbuda,6212.54,0,0,1,895.22
IDXX96200,Adonis\AS-408,Ms. Christine Jones,F,1991-11-12,2021-12-17,2022-07-21,1,Cape Verde,Thailand,13031.53,2,0,1,1597.28
IDYY66858,Calisto\CS-552,Mr. Bruce Connor,M,1997-09-16,2021-01-01,2021-01-19,1,Saint Vincent and the Grenadines,Northern Mariana Islands,15566.93,2,0,2,2787.2
IDYY25505,Calisto\CS-375,Ms. Silvia Acuff,F,2012-10-02,2021-01-03,Sat Sep 11 00:00:00 2021,0,New Zealand,Iceland,17215.42,1,0,2,3060.18
IDXX06906,Adonis\AS-712,Mr. Jonathan Achee,F,2011-10-05,2021-03-04,2021-06-25,0,Gambia,Poland,5269.9,0,1,2,1307.75
IDYY79048,Calisto\CS-258,Mr. Luis Scofield,M,2021-08-17,2021-04-08,2021-09-30,0,Czech Republic,Cayman Islands,13079.27,1,1,2,1537.09
IDZZ04935,Omega\OG-923,Mr. Jose Shaw,M,2018-09-03,2021-02-22,2022-02-03,0,Trinidad and Tobago,Comoros,11885.76,1,0,1,1010.22
IDYY17554,Calisto\CS-203,Ms. June Love,F,1986-07-24,2021-01-11,2021-10-02,1,Dominican Republic,Canada,5138.14,1,1,2,1112.54
IDYY11962,Calisto\CS-150,Mr. Armando Palacios,M,2014-10-15,2021-03-27,2021-10-24,0,France,Réunion,9217.0,2,1,2,1492.86
IDYY76744,Calisto\CS-777,Ms. Donna Bender,F,2005-10-26,2021-05-29,2021-06-03,0,Uganda,Bulgaria,4653.84,1,0,2,1045.2
IDYY38085,Calisto\CS-645,Mr. Jimmy Corf,M,2012-04-25,2021-08-19,2021-09-21,0,Poland,Tuvalu,14674.56,2,0,2,2530.23
IDZZ53820,Omega\OG-317,Ms. Phyllis Grustas,F,1997-06-24,2021-12-06,2022-10-15,1,Aruba,Jordan,10813.04,1,0,2,1699.97
IDXX83577,Adonis\AS-690,Ms. Frances Shover,F,1992-01-23,2021-10-12,2022-02-26,1,Poland,Martinique,8069.51,1,0,2,2020.23
IDXX64142,Adonis\AS-608,Mr. August Knight,M,1985-11-05,2021-10-18,2022-03-14,1,Serbia,Egypt,2106.74,2,1,2,643.38
IDYY57531,Calisto\CS-929,Ms. Wanda Broome,F,1986-01-07,2021-01-19,2021-09-26,1,Latvia,Austria,1244.94,1,0,2,617.43
IDYY61856,Calisto\CS-269,Ms. Diane Ahmad,F,2014-05-02,2021-01-20,2021-07-23,0,Gambia,Pakistan,8762.15,1,1,1,894.57
IDXX33456,Adonis\AS-919,Ms. Josefa Winkler,F,1998-02-04,2021-06-19,2021-08-04,1,Czech Republic,Lithuania,823.34,2,0,2,463.84
IDXX49015,Adonis\AS-436,Mr. Christopher Fraley,M,1991-04-19,2021-11-09,2021-12-17,1,Bhutan,Taiwan,3085.92,2,1,2,818.13
IDYY47055,Calisto\CS-509,Ms. Donna Eplin,F,1989-12-12,2021-08-05,2021-08-19,1,Brunei,Micronesia,3977.89,1,1,2,943.57
IDYY59851,Calisto\CS-787,Ms. Barbara Mccorkle,F,1989-10-29,2021-12-15,2021-12-20,1,Uzbekistan,Albania,3674.82,2,1,2,797.42
IDXX25171,Adonis\AS-701,Mr. James Haaf,M,2004-04-25,2021-09-28,2022-05-04,1,Italy,Venezuela,8643.82,2,0,1,1156.4
IDYY32378,Calisto\CS-666,Ms. Ashley Portillo,F,2008-08-23,2021-10-17,2022-09-20,0,Guernsey,French Polynesia,15418.54,1,1,1,1375.19
IDZZ92004,Omega\OG-225,Ms. Kathryn Walls,F,1985-09-25,2021-11-02,2022-01-24,1,Saint Vincent and the Grenadines,Nepal,14113.54,2,1,2,1793.94
IDYY11369,Calisto\CS-388,Mr. Michael Peterson,M,2002-07-16,2021-10-20,2022-04-15,1,Uruguay,Ecuador,4144.05,2,0,2,962.55
IDZZ92528,Omega\OG-832,Ms. Josephine Blankenship,F,2009-10-11,2021-10-21,2022-06-01,0,Togo,Mongolia,10292.63,1,1,1,831.35
IDZZ39216,Omega\OG-987,Ms. Virginia Sewell,F,1996-05-05,2021-07-12,2022-02-21,1,Greenland,Ghana,7643.77,0,0,1,975.6
IDYY44056,Calisto\CS-349,Mr. Russell Vadasy,M,2012-12-22,2021-06-04,2021-06-15,0,Nigeria,Angola,2477.07,0,0,2,826.44
IDYY34664,Calisto\CS-600,Mr. Thomas Wyble,M,1997-01-31,2021-04-24,2021-09-30,1,Armenia,New Zealand,15849.52,2,0,2,2832.23
IDXX34897,Adonis\AS-890,Ms. Bonnie Owczarzak,F,2017-09-10,2021-07-04,2022-05-08,0,Ukraine,South Korea,7555.95,2,0,2,1706.63
IDZZ45731,Omega\OG-043,Mr. Brian Gamez,M,2017-08-02,2021-08-21,2022-04-02,0,U.S. Virgin Islands,Mauritius,14019.04,1,1,2,1787.99
IDYY58226,Calisto\CS-550,Ms. Leslie Beagle,F,2018-10-11,2021-11-06,2022-07-13,0,Northern Mariana Islands,New Zealand,7162.78,0,0,1,994.46
IDYY84573,Calisto\CS-453,Mr. Ralph Wolff,M,2002-03-12,2021-04-15,2021-10-12,1,Bermuda,Timor-Leste,17211.87,2,0,1,1675.6
IDXX43418,Adonis\AS-829,Ms. Joyce Alfred,F,1986-03-02,2021-03-24,2021-12-03,1,Philippines,Saint Helena,14823.98,1,0,1,1883.62
IDZZ38850,Omega\OG-628,Mr. Billy Scheulen,M,2008-11-04,2021-02-21,2022-01-25,0,India,Papua New Guinea,7706.39,2,1,1,585.35
IDYY66821,Calisto\CS-404,Mr. Gale Manalo,M,1987-09-02,2021-01-13,2021-05-29,1,U.S. Virgin Islands,Yemen,11822.06,1,0,2,2322.04
IDZZ53027,Omega\OG-043,Mr. James Bean,M,2005-02-28,2021-12-07,2022-10-31,0,Japan,Lebanon,8830.02,1,0,1,935.2
IDXX09472,Adonis\AS-466,Ms. Kathy Houston,F,2001-12-25,2021-12-03,2022-09-27,1,Thailand,Libya,8636.82,0,0,1,1368.09
IDXX85867,Adonis\AS-721,Mr. Kent Quinones,M,2005-07-13,2021-03-03,2021-10-11,1,Estonia,Uzbekistan,3345.19,2,0,1,641.96
IDYY72038,Calisto\CS-127,Ms. Blanche Wadkins,F,2016-11-10,2021-02-12,2021-10-22,1,Montserrat,Nigeria,7700.65,2,1,1,723.34
IDYY35511,Calisto\CS-301,Ms. Rhonda Swanson,F,2011-04-24,2021-04-27,2022-02-04,0,Bangladesh,Swaziland,8446.58,0,0,1,1098.49
IDXX86410,Adonis\AS-504,Ms. Donna Elliott,F,2008-08-30,2021-30-05,2022-05-27,0,Greece,Germany,1611.34,0,1,1,511.38
IDXX14450,Adonis\AS-357,Ms. Michelle Mobilia,F,1990-02-17,2021-04-27,2021-09-02,1,Haiti,Poland,8463.95,1,1,2,1882.74
IDZZ34622,Omega\OG-928,Ms. Lori Wood,F,2009-03-21,2021-10-31,2022-03-28,0,Guyana,Guinea-Bissau,4874.58,0,0,2,995.53
IDXX18986,Adonis\AS-521,Ms. Elizabeth Bender,F,1984-04-27,2021-07-03,2022-02-13,1,United States,Svalbard and Jan Mayen,6645.5,1,1,2,1566.56
IDYY29269,Calisto\CS-469,Mr. Robin Garcia,M,1983-01-25,2021-09-24,2022-09-16,1,Australia,El Salvador,15403.35,2,1,1,1379.41
IDXX33369,Adonis\AS-875,Ms. Michelle Rose,F,1989-06-16,2021-11-07,2022-04-08,1,British Indian Ocean Territory,Suriname,14257.06,2,1,2,2832.31
IDYY77743,Calisto\CS-798,Ms. Candice Fuller,F,2008-01-26,2021-06-25,2021-09-19,0,Togo,Northern Mariana Islands,15184.88,2,1,2,2357.32
IDXX71286,Adonis\AS-465,Mr. Kristopher Thompson,M,1999-08-17,2021-09-08,2021-10-27,1,Guyana,Lesotho,10012.16,1,1,2,2164.02
IDYY51216,Calisto\CS-056,Mr. Bob Amend,M,2012-01-31,2021-04-04,2021-09-17,0,Cyprus,Aruba,10403.16,2,0,2,1845.11
IDXX12478,Adonis\AS-537,Ms. Mildred Jarvis,F,1996-12-29,2021-01-21,2021-03-04,1,Lithuania,New Zealand,17389.0,2,1,2,3395.42
IDZZ31260,Omega\OG-952,Ms. Paola Collins,F,2010-03-04,2021-12-09,2022-08-01,0,Antigua and Barbuda,Ukraine,8821.95,1,1,1,743.13
IDZZ64753,Omega\OG-777,Mr. Shane Boucher,M,1990-07-07,2021-10-12,2021-10-20,1,Zimbabwe,Zambia,669.43,0,1,2,538.06
IDYY24321,Calisto\CS-780,Ms. Frances Humphrey,F,2014-12-23,2021-11-18,2022-05-24,0,Kuwait,Azerbaijan,1205.76,2,0,1,269.12
IDXX24552,Adonis\AS-070,Ms. Diane Symonds,F,2020-07-11,2021-11-25,2022-08-26,0,Mali,Solomon Islands,18110.55,1,0,1,2111.05
IDZZ00952,Omega\OG-905,Mr. Cecil Brodie,M,2009-10-07,2021-08-31,2022-04-04,0,Azerbaijan,Cambodia,6364.39,1,1,3,615.39
IDYY78398,Calisto\CS-464,Mr. Dustin Broyles,M,2012-01-27,2021-11-26,2022-08-31,0,Madagascar,British Indian Ocean Territory,3042.48,1,1,1,494.57
IDZZ24582,Omega\OG-303,Mr. Wendell Courtney,M,1980-01-18,2021-09-14,2022-08-21,1,Gabon,Puerto Rico,8800.32,2,1,2,1217.14
IDXX61311,Adonis\AS-926,Mr. Pete Mabon,M,2016-06-16,2021-03-12,2022-02-22,0,Cambodia,Croatia,9015.49,1,0,1,1197.03
IDZZ74327,Omega\OG-826,Ms. Oma Chatman,F,2019-07-04,2021-03-03,2021-09-06,0,Cape Verde,Dominica,3998.35,2,1,1,388.73
IDZZ56365,Omega\OG-200,Ms. Ida Phelps,F,2019-08-30,2021-11-12,2022-01-02,0,Sierra Leone,Saudi Arabia,6273.53,1,1,3,1285.08
IDXX14880,Adonis\AS-949,Mr. Micheal Hemphill,M,2012-10-02,2021-05-15,2021-10-12,0,Bhutan,Wallis and Futuna,10954.21,2,0,2,2393.09
IDZZ97470,Omega\OG-165,Ms. Patrice Ortiz,F,1992-09-30,2021-05-03,2021-09-06,1,Chile,Poland,13103.67,1,0,2,1986.05
IDXX86160,Adonis\AS-478,Ms. Connie Neal,F,1985-07-29,2021-09-24,2022-02-07,1,Croatia,Ecuador,10428.75,1,1,2,2238.85
IDYY38726,Calisto\CS-934,Mr. Matthew Tamura,M,1987-01-31,2021-04-09,2021-08-21,1,Canada,Brazil,9314.75,1,0,2,1909.7
IDZZ02973,Omega\OG-716,Mr. Peter Seaton,M,2019-08-21,2021-05-11,2021-12-22,0,Cocos [Keeling] Islands,Gambia,12698.51,2,0,1,949.29
IDYY29431,Calisto\CS-483,Ms. Maribeth Big,F,2005-08-01,2021-03-19,2021-05-14,0,Macau,Rwanda,9448.66,1,1,2,1632.75
IDYY01192,Calisto\CS-855,Mr. Ryan Penaloza,M,1999-02-02,2021-04-30,2022-01-23,1,Eritrea,Togo,4299.62,2,1,1,883.11
IDZZ19595,Omega\OG-348,Ms. Melissa Menz,F,1994-03-22,2021-01-17,2021-08-29,1,Martinique,Rwanda,10169.8,1,1,2,1462.51
IDYY07994,Calisto\CS-623,Ms. Rose Robinson,F,2002-08-31,2021-04-05,2021-12-08,1,Hong Kong,Algeria,10866.57,2,1,1,1048.12
IDXX17747,Adonis\AS-841,Mr. Jimmy Corf,M,2019-03-06,2021-09-16,2022-05-03,0,Tuvalu,Burundi,16266.82,2,0,1,1819.01
IDXX48955,Adonis\AS-068,Mr. Harry Evans,M,1983-06-21,2021-04-20,2021-06-15,1,Micronesia,Haiti,14495.02,2,0,2,3198.97
IDXX36115,Adonis\AS-483,Mr. Wayne Olson,M,1999-04-23,2021-08-03,2021-11-25,1,Puerto Rico,Saint Lucia,768.36,2,0,2,450.22
IDYY78439,Calisto\CS-319,Mr. William Swanson,M,1982-07-07,2021-12-20,2022-11-21,1,Palau,Chile,15925.92,1,1,1,1526.24
IDZZ34213,Omega\OG-276,Mr. Morris Rosenberger,M,1982-09-26,2021-03-02,2021-09-11,1,Cameroon,U.S. Virgin Islands,8419.47,2,1,2,1173.59
IDXX17536,Adonis\AS-415,Ms. Agnes Mathews,F,1981-05-21,2021-09-15,2021-11-27,1,Sierra Leone,Niue,17394.86,2,0,2,3765.89
IDXX92437,Adonis\AS-536,Mr. Steven Vegas,M,2007-06-30,2021-07-30,2022-06-03,0,Aruba,Guinea-Bissau,5951.39,1,0,1,900.52
IDZZ11608,Omega\OG-744,Mr. Anthony Lafleur,M,2014-03-01,2021-11-03,2022-05-16,0,Madagascar,South Korea,10448.5,1,0,1,916.28
IDXX93354,Adonis\AS-731,Ms. Maria Ratliff,F,2013-06-13,2021-07-15,2021-08-30,0,Georgia,Malaysia,7159.23,0,1,2,1640.91
IDZZ75848,Omega\OG-625,Ms. Rosalie Fuller,F,1999-11-02,2021-06-15,2021-09-28,1,Burundi,Syria,4354.4,0,1,2,936.12
IDXX13205,Adonis\AS-438,Mr. Joseph Lopez,M,2003-05-18,2021-09-08,2021-09-22,1,Solomon Islands,Guam,3080.25,2,1,2,831.42
IDYY31524,Calisto\CS-915,Mr. Joseph Macy,M,2021-03-02,2021-04-30,2022-03-03,0,Bosnia and Herzegovina,Honduras,9925.35,2,1,1,879.43
IDXX02534,Adonis\AS-029,Mr. Richard Kistner,M,2014-08-02,2021-07-31,2022-06-15,0,Réunion,Swaziland,9925.35,1,0,1,549.99
IDXX49926,Adonis\AS-547,Mr. Joel Bohl,M,1986-05-22,2021-06-02,2022-03-05,1,Maldives,Guadeloupe,14634.84,2,0,2,3232.31
IDXX59445,Adonis\AS-172,Ms. Daisy Griffith,F,2008-04-27,2021-01-23,2021-09-03,0,Gaza Strip,Puerto Rico,9959.04,0,1,1,1257.44
IDXX65496,Adonis\AS-034,Ms. Julie Snider,F,2008-01-29,2021-10-11,2022-10-01,0,Czech Republic,Chile,12770.88,1,1,2,2569.78
IDYY44085,Calisto\CS-635,Mr. Kevin Harrison,M,1997-06-08,2021-01-29,2021-09-26,1,Zimbabwe,Saint Kitts and Nevis,10835.37,1,0,2,2156.71
IDYY89843,Calisto\CS-010,Ms. Norma Estrada,F,2016-01-05,2021-10-11,2021-12-07,0,Zambia,United States,13859.66,2,1,2,2151.76
IDXX74957,Adonis\AS-963,Mr. James Roden,M,2002-02-24,2021-06-09,2021-08-03,1,Morocco,Saint Lucia,5810.67,0,0,2,1665.19
IDXX05331,Adonis\AS-519,Mr. Roy Burke,F,2007-07-13,2021-02-25,2021-11-16,0,South Georgia and the South Sandwich Islands,Suriname,6740.27,2,1,1,791.54
IDYY81137,Calisto\CS-618,Ms. Julie Mcavoy,F,2010-03-09,2021-01-23,2021-11-15,0,Paraguay,Bulgaria,11294.35,1,0,1,1201.16
IDZZ03766,Omega\OG-812,Mr. Aaron Caviness,M,1995-02-01,2021-04-10,2021-07-30,1,Bahrain,Malta,3613.47,0,1,2,861.57
IDYY71136,Calisto\CS-351,Mr. Harry Blahnik,M,2016-02-29,2021-08-28,2022-01-01,0,Tajikistan,Mozambique,7408.3,1,0,2,1477.62
IDZZ93948,Omega\OG-827,Mr. John Mason,M,1998-01-02,2021-12-08,2022-01-14,1,Mauritania,United States,8181.56,0,0,2,1510.39
IDYY40573,Calisto\CS-739,Ms. Julia Hernandez,F,1981-02-11,2021-02-21,2022-02-14,1,Cyprus,Réunion,6681.94,2,0,1,841.15
IDZZ22950,Omega\OG-056,Mr. Michael Grant,M,1996-09-15,2021-12-20,2022-02-10,1,Ethiopia,Cook Islands,17482.23,2,0,2,2398.86
IDYY47593,Calisto\CS-443,Ms. Shantel Bell,F,1986-06-29,2021-10-19,2022-05-21,1,Algeria,Finland,4168.34,2,1,2,869.81
IDZZ02767,Omega\OG-206,Mr. Micheal Beach,M,1982-03-24,2021-01-30,2021-10-03,1,Philippines,Bosnia and Herzegovina,10123.19,1,1,2,1456.14
IDZZ87813,Omega\OG-863,Mr. Sidney Kaufman,M,1996-04-09,2021-06-07,2021-12-31,1,Ireland,Taiwan,10160.57,2,0,1,913.59
IDXX71373,Adonis\AS-716,Mr. Dennis Baldrige,M,1990-09-17,2021-09-03,2022-08-22,1,Myanmar [Burma],Kosovo,7192.31,2,1,1,922.05
IDZZ40674,Omega\OG-660,Mr. Juan Westmoreland,M,1983-10-28,2021-01-31,2021-03-07,1,Syria,Nepal,4301.64,0,1,2,1161.97
IDYY75671,Calisto\CS-451,Ms. Jaye Hinton,F,1995-03-26,2021-03-24,2021-10-08,1,Bosnia and Herzegovina,Heard Island and McDonald Islands,12038.72,1,0,1,1392.2
IDYY24770,Calisto\CS-649,Mr. Carl Loving,M,1988-09-19,2021-11-04,2021-12-10,1,Antigua and Barbuda,Burundi,10310.94,2,0,2,1947.97
IDXX54767,Adonis\AS-656,Ms. Carmen Whitney,F,2014-10-19,2021-09-16,2022-01-23,0,Tokelau,Niue,1143.16,0,1,2,559.09
IDZZ86784,Omega\OG-097,Mr. Fred Harris,M,1994-04-20,2021-11-25,2021-12-14,1,Eritrea,French Polynesia,19017.39,1,1,2,2425.06
IDXX47063,Adonis\AS-149,Mr. Matthew Carter,M,2010-10-25,2021-06-02,2022-02-05,0,Belarus,Guatemala,10336.07,1,0,2,2376.08
IDZZ23494,Omega\OG-897,Mr. Troy Randall,M,2000-05-22,2021-07-16,2022-05-07,1,United Arab Emirates,Ukraine,3421.83,1,1,2,738.07
IDYY36535,Calisto\CS-600,Ms. Samantha James,F,2018-04-10,2021-04-01,2021-10-15,0,Turks and Caicos Islands,Gambia,6033.92,2,0,1,660.57
IDYY39491,Calisto\CS-888,Ms. Willa Ostrander,F,1998-08-05,2021-03-02,2022-01-28,1,Cocos [Keeling] Islands,Myanmar [Burma],3794.79,0,1,1,759.7
IDXX35545,Adonis\AS-432,Ms. Jessica Wells,F,2005-06-12,2021-07-14,2022-01-12,1,British Virgin Islands,Brazil,3893.59,1,1,1,699.26
IDXX89302,Adonis\AS-664,Ms. Shirley Beals,F,2013-10-09,2021-04-04,2022-03-18,0,Cape Verde,Wallis and Futuna,17139.07,2,1,1,1728.2
IDYY56563,Calisto\CS-381,Mr. Fred Smith,M,1992-12-08,2021-12-18,2022-03-13,1,Mayotte,Thailand,6926.0,0,1,2,1483.73
IDXX42580,Adonis\AS-151,Ms. Mae Carriger,F,1995-04-23,2021-05-24,2021-07-23,1,Macedonia [FYROM],Haiti,8953.73,0,0,2,2290.82
IDYY62227,Calisto\CS-113,Mr. Donald Jodoin,M,1980-03-03,2021-05-04,2021-09-11,1,Laos,Liberia,12035.27,2,1,2,2009.48
IDYY96827,Calisto\CS-521,Mr. William Blackshire,M,2020-06-13,2021-08-03,2022-04-21,0,Panama,Mozambique,13087.33,1,1,1,1222.84
IDYY65549,Calisto\CS-500,Mr. Marc Peebles,M,1993-10-17,2021-06-11,2021-07-25,1,Congo [Republic],Falkland Islands [Islas Malvinas],8996.69,1,0,3,2575.78
IDXX38430,Adonis\AS-645,Mr. Rolando Alvarez,M,2012-02-06,2021-04-14,2021-10-29,0,Ireland,Gibraltar,1936.2,2,1,1,352.83
IDZZ80900,Omega\OG-889,Mr. John Irick,M,2018-02-06,2021-11-27,2022-08-16,0,Northern Mariana Islands,Hong Kong,3316.31,0,1,1,550.31
IDZZ86134,Omega\OG-695,Mr. David Villa,M,1992-02-25,2021-05-17,2021-07-31,1,Armenia,Nicaragua,12222.16,2,0,2,1770.11
IDYY21927,Calisto\CS-600,Ms. Delores Moore,F,2002-08-08,2021-02-02,2021-10-26,1,Bolivia,Canada,8994.57,2,1,1,911.4
IDXX64385,Adonis\AS-867,Ms. Dora May,F,2016-06-16,2021-11-12,2021-11-29,0,Bangladesh,French Southern Territories,8385.59,1,0,2,1985.86
IDXX72457,Adonis\AS-442,Ms. Tracy Ray,F,1999-04-11,2021-03-20,2021-08-08,1,Tonga,Suriname,13198.05,1,0,2,3047.15
IDZZ21829,Omega\OG-901,Ms. Kimberly Humphery,F,1990-03-17,2021-07-07,2022-05-28,1,New Caledonia,Bahamas,13619.45,2,1,2,1737.7
IDZZ66092,Omega\OG-382,Mr. Herbert Lenz,M,1985-10-05,2021-05-21,2022-02-13,1,Uganda,Congo [DRC],1317.4,1,1,2,511.08
IDXX73676,Adonis\AS-897,Mr. Dennis Hall,M,1984-02-16,2021-12-25,2022-05-27,1,Turks and Caicos Islands,Iraq,10861.75,2,1,2,2225.22
IDZZ30973,Omega\OG-673,Mr. Stanley Nam,M,1990-01-20,2021-01-17,2021-09-27,1,Uruguay,Nepal,16183.47,1,0,1,1378.86
IDXX22523,Adonis\AS-356,Ms. Pia Thompson,F,1984-10-07,2021-08-14,2022-04-27,1,North Korea,France,8975.88,1,0,1,1295.48
IDYY78316,Calisto\CS-893,Mr. Mark Warren,M,2019-12-12,2021-12-02,2022-03-16,0,Netherlands,French Guiana,7567.63,1,1,2,1373.28
IDYY36095,Calisto\CS-879,Ms. Stephanie Marty,F,1997-10-01,2021-06-27,2022-06-20,1,Nepal,Kosovo,5804.86,2,1,1,686.86
IDXX56986,Adonis\AS-930,Mr. Victor Barger,M,2013-11-05,2021-18-02,2021-11-16,0,South Korea,Mauritius,9679.56,2,1,1,1052.06
IDZZ09939,Omega\OG-834,Ms. Patricia Manwaring,F,2013-27-12,2021-02-06,2021-12-29,0,Germany,Tanzania,6818.39,0,1,1,744.48
IDXX90603,Adonis\AS-540,Ms. June Kaczorowski,F,2015-11-15,2021-06-03,2021-09-23,0,Iraq,Slovenia,2824.5,2,1,2,685.33
IDYY56996,Calisto\CS-730,Mr. Donald Carrigan,M,2014-02-26,2021-04-21,2021-05-06,0,Sweden,Indonesia,10387.1,2,0,2,1842.46
IDZZ46091,Omega\AS-258,Ms. Sheila Wilkes,F,1991-09-03,2021-06-17,2021-08-08,1,São Tomé and Príncipe,Turkmenistan,6893.82,0,0,3,1758.87
IDZZ64698,Omega\OG-563,Ms. Maryann White,F,1985-01-15,2021-02-04,2021-07-18,1,Bolivia,Burkina Faso,7528.75,2,0,2,1200.88
IDYY49264,Calisto\CS-350,Ms. Sarah Davis,F,1984-02-13,2021-11-01,2022-01-23,1,Malawi,Dominica,11002.68,2,0,2,2053.68
IDYY72639,Calisto\CS-523,Ms. Stefania Hill,F,2005-06-15,2021-10-21,2022-03-13,1,U.S. Virgin Islands,Switzerland,7268.32,2,0,2,1461.03
IDYY72119,Calisto\CS-181,Ms. Kathleen Clements,F,1995-03-10,2021-04-20,2022-01-25,1,Oman,Mongolia,5127.58,2,0,1,710.1
IDZZ60774,Omega\OG-059,Ms. Samantha Parson,F,1994-04-03,2021-11-22,2022-09-27,1,Grenada,Uganda,10409.5,1,0,1,1035.75
IDYY44850,Calisto\cs-211,Mr. Norman Gange,M,1991-05-15,2021-05-30,2022-05-10,1,San Marino,Congo [DRC],5421.68,2,0,1,730.46
IDZZ89623,Omega\OG-690,Mr. Troy Bailey,M,1992-07-14,2021-06-26,2021-11-03,1,Iran,Tunisia,4085.74,0,1,2,905.51
IDYY47142,Calisto\CS-326,Mr. George Sisk,M,2016-05-23,2021-10-03,2022-04-11,0,Eritrea,Romania,3693.31,1,0,1,590.07
IDXX07460,Adonis\AS-657,Ms. Christine Abraham,F,2007-01-02,2021-05-14,2021-11-28,0,Cambodia,Kyrgyzstan,4334.43,2,1,2,956.33
IDYY24076,Calisto\CS-559,Ms. Gracie Doherty,F,1993-07-04,2021-05-15,2021-09-25,1,Bouvet Island,Belize,11688.87,1,0,2,2300.69
IDXX38903,Adonis\AS-657,Mr. Charles Laud,M,2009-07-26,2021-12-21,2022-11-13,0,French Southern Territories,Solomon Islands,9264.65,0,1,2,2031.35
IDYY70380,Calisto\CS-052,Ms. Anita Rovinsky,F,2000-09-15,2021-10-29,2022-01-16,1,Moldova,Antigua and Barbuda,8642.2,1,1,2,1621.42
IDYY92083,Calisto\CS-359,Mr. Richard Priest,M,2015-02-27,2021-03-24,2021-06-02,0,Ukraine,Micronesia,11476.2,2,1,2,1825.61
IDXX50379,Adonis\AS-146,Ms. Nancy Garcia,F,1998-07-14,2021-03-25,2021-12-05,1,Belarus,Tunisia,2639.48,2,0,2,827.5
IDXX89854,Adonis\AS-986,Mr. Willie Villarreal,M,2019-08-28,2021-01-08,2021-01-24,0,Zambia,Denmark,7911.5,0,0,3,2772.48
IDYY67602,Calisto\CS-505,Mr. Mark Welch,M,1984-07-19,2021-05-27,2021-07-29,1,Romania,Falkland Islands [Islas Malvinas],13532.04,2,1,2,2228.54
IDXX12652,Adonis\AS-330,Ms. Ada Ortiz,F,2009-05-01,2021-03-09,2021-04-14,0,Lesotho,Liberia,5683.12,2,1,2,1203.75
IDXX92674,Adonis\AS-101,Ms. Lori Livengood,F,1997-11-19,2021-03-01,2021-03-17,1,Gibraltar,Myanmar [Burma],9550.85,0,0,2,2401.8
IDYY95062,Calisto\CS-272,Ms. Karen Livingston,F,1992-03-10,2021-10-19,2022-04-24,1,Vatican City,Nauru,14767.94,1,0,2,2787.98
IDZZ98314,Omega\OG-593,Ms. Cathy Cummings,F,2002-09-14,2021-01-02,2021-05-03,1,Laos,Italy,8554.12,2,1,1,1196.33
IDZZ86805,Omega\OG-907,Mr. Houston Bunnell,F,2012-08-15,2021-11-11,2022-02-27,0,Falkland Islands [Islas Malvinas],Russia,18618.38,1,0,2,2538.01
IDZZ66655,Omega\OG-227,Ms. Tiana Jones,F,2003-12-31,2021-04-16,2021-09-18,1,Saint Lucia,Uganda,10334.87,1,0,2,1651.31
IDZZ74844,Omega\OG-368,Ms. Jeanne Hazzard,F,1982-08-23,2021-09-29,2022-07-23,1,Iraq,Liechtenstein,3254.49,0,1,2,820.21
IDXX78995,Adonis\AS-445,Mr. David Alvarez,M,1983-04-06,2021-06-09,2021-12-10,1,Chad,Poland,4059.37,1,0,1,811.07
IDXX33114,Adonis\AS-348,Mr. Thad Rose,M,2012-01-01,2021-07-07,2022-01-18,0,Central African Republic,Myanmar [Burma],8200.33,1,0,1,1116.68
IDZZ91817,Omega\OG-393,Ms. Francis Hay,F,1996-02-13,2021-11-20,2022-01-05,1,Martinique,United Arab Emirates,11781.54,2,0,2,1723.4
IDXX69100,Adonis\AS-104,Ms. Georgina Catapano,F,1995-02-05,2021-10-29,2022-06-05,1,Monaco,Réunion,8729.69,2,1,2,1836.91
IDXX46553,Adonis\AS-552,Ms. Jessica Tamborlane,F,1992-03-12,2021-05-18,2021-09-15,1,Spain,United Kingdom,1660.39,0,0,2,829.09
IDYY37780,Calisto\CS-806,Mr. Henry Shape,M,1980-08-24,2021-10-13,2022-06-07,1,Ireland,Guyana,7082.1,2,0,1,876.29
IDZZ46582,Omega\OG-342,Mr. Benjamin Daughtry,M,1998-07-17,2021-08-23,2022-06-28,1,Gambia,Tanzania,5970.29,1,0,1,770.01
IDYY43295,Calisto\CS-440,Ms. Josefa Winkler,F,1997-08-15,2021-04-19,2021-08-02,1,Mexico,Kenya,15023.68,1,1,2,2537.75
IDXX47512,Adonis\AS-552,Mr. Patrick Watkin,M,2017-12-25,2021-08-08,2022-04-10,0,Hungary,Kosovo,519.43,2,0,1,301.86
IDZZ55475,Omega\OG-158,Ms. Melissa Acevedo,F,1982-03-08,2021-12-28,2022-08-02,1,Brazil,Tokelau,12920.02,1,0,1,1188.04
IDZZ95854,Omega\OG-312,Mr. Peter Dawson,M,2009-09-25,2021-09-13,2022-09-02,0,São Tomé and Príncipe,Guyana,7304.6,1,0,1,737.39
IDXX37191,Adonis\AS-834,Ms. Samantha Strange,F,2015-02-17,2021-03-06,2021-05-22,0,Zimbabwe,Lithuania,8273.19,2,1,2,1677.46
IDXX07356,Adonis\AS-198,Mr. Jose Coombs,M,2013-06-04,2021-06-16,2021-09-04,0,Jordan,Congo [DRC],14255.55,2,0,2,1025.29
IDXX44746,Adonis\AS-051,Ms. Anna Vaughn,F,2009-07-19,2021-07-25,2021-11-02,0,Gaza Strip,Botswana,6063.41,1,1,2,1354.82
IDYY73073,Calisto\CS-064,Ms. Jannette Acevedo,F,2007-01-30,2021-10-16,2022-06-03,0,Nauru,China,7629.41,2,0,1,788.01
IDZZ74919,Omega\OG-956,Ms. Donna Mcneil,F,1983-10-16,2021-11-11,2022-08-27,1,Austria,Niue,16843.51,2,0,2,2324.01
IDYY47409,Calisto\CS-838,Mr. Donn Callahan,M,1990-03-28,2021-01-17,2021-09-25,1,Haiti,Mozambique,12491.91,1,0,2,2413.1
IDZZ95926,Omega\OG-084,Ms. Elizabeth Evers,F,2011-01-04,2021-09-06,2022-04-21,0,Luxembourg,Malta,1682.46,0,0,1,516.92
IDXX26287,Adonis\AS-204,Mr. Timothy Lord,M,2000-06-09,2021-01-17,2021-03-05,1,Belize,Estonia,9676.15,0,0,2,2433.54
IDZZ59429,Omega\OG-324,Mr. Jared Reaves,M,2019-12-15,2021-11-07,2021-12-24,0,Serbia,Vanuatu,15512.88,2,0,2,2054.11
IDYY85149,Calisto\CS-209,Ms. Jimmie Walton,M,2019-12-01,2021-07-20,2021-11-14,0,Pitcairn Islands,Armenia,18188.08,1,1,2,2884.15
IDZZ33487,Omega\OG-304,Mr. Jason Craig,M,1987-11-13,2021-02-04,2021-11-06,1,Mauritania,Micronesia,16280.37,1,1,2,2130.01
IDZZ27656,Omega\OG-520,Mr. Clarence Gillette,M,2000-10-30,2021-09-30,2022-06-14,1,Palau,Falkland Islands [Islas Malvinas],14941.13,2,1,1,1079.21
IDXX96465,Adonis\AS-194,Mr. John Soto,M,2015-05-15,2021-04-15,2021-05-17,0,France,Nigeria,4180.56,1,0,2,1131.61
IDZZ56814,Omega\OG-213,Ms. Stephanie Waggoner,F,1982-06-16,2021-06-28,2021-07-06,1,Zimbabwe,Saint Kitts and Nevis,10835.37,2,0,2,1436.67
IDXX81390,Adonis\AS-442,Ms. Doris Starkweather,F,2002-02-26,2021-06-25,2022-04-15,1,Mozambique,Samoa,15323.57,2,0,1,1828.92
IDXX41255,Adonis\AS-238,Mr. Jesus Takata,M,1989-11-23,2021-05-03,2021-10-16,1,Australia,Cameroon,13523.41,1,0,2,3094.59
IDXX01676,Adonis\AS-393,Ms. Diane Mills,F,2020-10-12,2021-12-07,2022-04-24,0,South Georgia and the South Sandwich Islands,South Korea,17649.49,1,0,3,3830.74
IDXX93086,Adonis\AS-701,Ms. Carmen Rivera,F,1993-09-17,2021-07-03,2022-05-07,1,Ukraine,American Samoa,15765.82,2,0,2,3455.11
IDYY23244,Calisto\CS-012,Ms. Patrice Ferris,F,1984-04-26,2021-08-22,2022-05-21,1,Kazakhstan,Jamaica,11859.82,1,1,2,2088.01
IDYY78264,Calisto\CS-465,Mr. Charles Mena,F,1993-12-31,2021-05-11,2022-01-12,1,Guinea-Bissau,Lesotho,6552.22,1,1,1,845.25
IDXX65165,Adonis\AS-316,Mr. Andrew Hughes,F,2000-02-04,2021-09-10,2022-08-07,1,Uzbekistan,Réunion,7018.99,1,1,2,1629.7
IDXX06362,Adonis\AS-057,Ms. Floy Martinez,F,1983-01-11,2021-04-24,2021-05-11,1,Poland,French Southern Territories,12224.75,2,1,2,2468.11
IDXX41676,Adonis\AS-741,Mr. Michael Stanley,M,2019-12-07,2021-12-31,2022-01-16,0,Tonga,Chad,18434.01,1,1,3,5252.22
IDYY61499,Calisto\CS-991,Mr. Douglas Andino,M,1989-08-31,2021-04-05,2021-07-29,1,Madagascar,Luxembourg,8622.61,1,0,2,1793.51
IDYY97644,Calisto\CS-630,Ms. Charlotte Corlew,F,2009-07-01,2021-05-14,2021-10-27,0,Malta,Trinidad and Tobago,8029.88,2,0,2,1470.54
IDXX89041,Adonis\AS-195,Ms. Amy Merrill,F,2019-07-25,2021-07-25,2022-02-22,0,French Southern Territories,Brunei,7415.72,0,0,1,1138.38
IDXX53999,Adonis\AS-111,Mr. Peter Bies,M,2009-03-24,2021-08-12,2021-09-25,0,Guernsey,Kosovo,1959.04,1,1,3,805.8
IDXX77762,Adonis\AS-952,Mr. Wayne Sherrer,M,1986-05-13,2021-06-12,2021-12-26,1,Morocco,Tanzania,6154.19,2,1,2,1373.99
IDZZ18072,Omega\OG-225,Ms. Carol Silverberg,F,1995-11-28,2021-07-23,2021-12-18,1,Liechtenstein,Gaza Strip,2744.79,2,0,2,624.32
IDXX00282,Adonis\AS-649,Ms. Kathleen Coppock,F,2014-08-07,2021-08-09,2022-05-09,0,Vietnam,Hong Kong,1113.93,2,1,1,285.6
IDXX26066,Adonis\AS-097,Mr. Ronnie Poncedeleon,M,2017-10-07,2021-06-29,2021-10-31,0,Mali,Bahamas,7570.19,2,1,2,1534.82
IDXX79528,Adonis\AS-705,Ms. Christina Morreale,F,1989-04-17,2021-06-05,2021-08-17,1,Guatemala,Turks and Caicos Islands,2049.57,1,0,2,811.5
IDXX63195,Adonis\AS-392,Ms. Mary Richardson,F,2013-07-03,2021-09-18,2021-10-04,0,Cayman Islands,Ireland,7121.24,1,1,2,1550.0
IDZZ18265,Omega\og-680,Ms. Gayle Harvey,F,1992-08-14,2021-04-11,2021-08-06,1,Montserrat,Mongolia,12819.66,2,0,2,1831.35
IDYY76875,Calisto\CS-145,Ms. Catherine Rivas,M,2000-10-03,2021-05-07,2021-06-17,1,Djibouti,Italy,4434.98,2,1,2,909.62
IDYY84674,Calisto\CS-233,Ms. Ada Burroughs,F,1986-06-07,2021-12-16,2022-11-03,1,Kyrgyzstan,Dominica,12284.42,2,1,1,1158.17
IDXX06735,Adonis\AS-678,Ms. Kari Brooks,F,1986-08-22,2021-05-02,2021-07-26,1,Somalia,Isle of Man,7104.39,2,0,2,1721.57
IDYY83653,Calisto\CS-184,Ms. Silvia Lane,F,1985-10-27,2021-10-15,2022-07-15,1,British Indian Ocean Territory,Algeria,8439.9,2,0,1,972.16
IDZZ20427,Omega\OG-978,Ms. Ruth Brooks,F,1981-01-23,2021-09-02,2022-08-02,1,Lebanon,Panama,11865.7,1,1,1,1010.31
IDZZ80101,Omega\OG-059,Mr. Mark Gilbert,M,1986-02-23,2021-01-30,2022-Jan-03,1,Mauritius,Antarctica,6940.48,0,0,1,944.34
IDZZ93640,Omega\OG-517,Mr. Paul Haas,M,2011-05-22,2021-01-16,2021-07-12,0,Tuvalu,Iran,13613.43,2,0,2,1826.78
IDXX11351,Adonis\AS-371,Ms. Rebecca Long,F,2014-04-23,2021-11-10,2022-09-22,0,South Africa,Finland,10298.12,1,0,1,1332.06
IDXX04880,Adonis\AS-749,Ms. Lois Hudson,F,2003-02-06,2021-07-02,2021-08-11,1,Greenland,Cook Islands,13193.74,2,0,2,2934.68
IDYY27337,Calisto\CS-736,Ms. Kelsey Carlin,F,1988-04-11,2021-07-05,2021-10-23,1,Equatorial Guinea,Nauru,17436.82,1,1,2,2884.74
IDYY13410,Calisto\CS-633,Mr. Zachary Anguiano,M,1989-05-07,2021-03-29,2021-09-21,1,France,Guinea,4194.35,1,1,2,982.78
IDXX96298,Adonis\AS-413,Ms. Bernadette Kilgore,F,2015-10-18,2021-06-07,2021-07-15,0,Togo,El Salvador,9760.76,1,0,2,2261.25
IDXX73333,Adonis\AS-284,Ms. Beatrice Mather,F,1981-09-08,2021-01-14,2021-09-25,1,Ireland,Belgium,928.75,0,1,2,612.89
IDXX67880,Adonis\AS-328,Ms. Aja Cush,F,1990-11-29,2021-07-20,2021-08-29,1,Saint Helena,Japan,16722.35,1,0,3,5410.37
IDXX17974,Adonis\AS-141,Mr. Todd Conigliaro,M,2016-11-11,2021-02-14,2022-01-25,0,Canada,Japan,8091.59,2,1,1,909.8
IDYY31068,Calisto\CS-340,Mr. Andrew Cortez,M,2002-02-13,2021-07-17,2022-06-30,1,South Korea,Bouvet Island,15359.65,2,1,1,1370.35
IDXX63480,Adonis\AS-299,Mr. Gerald Sullivan,M,2019-12-29,2021-01-28,2021-04-02,0,Kyrgyzstan,Congo [Republic],7494.0,1,1,2,1789.93
IDYY25936,Calisto\CS-875,Mr. Adam Glover,M,1992-08-29,2021-02-15,2021-12-18,1,Tunisia,Qatar,4111.32,0,1,2,1083.28
IDZZ55966,Omega\OG-115,Mr. Jacob Roberts,M,1990-05-22,2021-04-16,2021-12-11,1,Mauritius,Japan,10549.43,2,1,2,1411.88
IDXX80324,Adonis\AS-389,Mr. Jeremy Hazen,M,2016-08-08,2021-10-18,2022-08-22,0,Russia,Angola,10978.38,1,1,1,1257.16
IDXX97573,Adonis\AS-479,Mr. Cornell Martinez,M,1989-01-29,2021-06-29,2021-10-21,1,Chile,China,19651.63,2,1,2,3821.03
IDXX70506,Adonis\AS-135,Mr. Roberto Ballance,M,2017-12-22,2021-03-30,2021-08-10,0,Laos,Turkey,6705.71,1,0,2,1645.22
IDXX41501,Adonis\AS-050,Ms. Rema Mitchell,F,1987-12-07,2021-07-25,2021-10-09,0,Iceland,British Indian Ocean Territory,10700.3,1,0,2,2542.17
IDXX30836,Adonis\AS-174,Mr. William Parmer,M,2001-04-23,2021-12-18,2022-09-01,1,Mali,Tonga,19029.93,2,0,1,2209.33
IDYY75113,Calisto\CS-733,Ms. Ann Jones,F,2000-12-08,2021-03-06,2021-08-15,1,Lithuania,Oman,4595.86,2,1,2,919.06
IDZZ42389,Omega\OG-371,Ms. Mabel Sandlin,F,2017-09-26,2021-03-22,2021-08-17,0,San Marino,Cambodia,9251.91,2,0,2,1301.64
IDYY20555,Calisto\CS-292,Ms. Donna Robinson,F,2002-01-02,2021-07-20,2022-02-20,1,Malawi,Palau,11317.22,1,0,2,2226.47
IDXX61859,Adonis\AS-411,Mr. Edward Butts,M,2010-11-01,2021-12-08,2022-01-17,0,Swaziland,Wallis and Futuna,14586.85,1,0,2,3219.02
IDYY87391,Calisto\CS-057,Ms. Sophie Kelley,F,2013-10-21,2021-12-11,2022-05-07,0,Samoa,Uzbekistan,13790.09,1,1,2,2260.23
IDXX05943,Adonis\AS-213,Ms. Amanda Giuffrida,F,2007-12-13,2021-09-03,2021-10-25,0,Greece,Slovakia,1081.48,1,1,2,468.83
IDZZ31472,Omega\OG-835,Mr. William Salsman,M,1980-09-06,2021-02-02,2021-04-29,1,Bangladesh,Iran,3711.42,2,1,2,673.08
IDYY26061,Calisto\CS-009,Ms. Kathryn Stedman,F,1989-04-18,2021-10-06,2022-07-07,1,Angola,Isle of Man,7585.27,1,0,1,924.13
IDYY91892,Calisto\CS-831,Mr. Roy Jones,M,2019-09-13,2021-01-29,2021-05-18,0,Christmas Island,South Africa,8740.64,1,0,2,1696.52
IDYY93056,Calisto\CS-174,Mr. Carlos Kinneman,M,2019-12-23,2021-07-20,2021-11-16,0,Venezuela,Mauritius,13823.56,2,1,2,2141.45
IDXX00342,Adonis\AS-995,Mr. Richard Keirnan,M,2016-12-11,2021-12-10,2022-06-12,0,Paraguay,Faroe Islands,10542.29,1,1,2,2172.66
IDYY06625,Calisto\CS-626,Ms. Stacey White,F,1999-12-29,2021-07-19,2021-12-24,1,Namibia,Kenya,3306.66,1,0,2,950.38
IDXX19752,Adonis\AS-821,Ms. Leann Noriega,F,1992-01-17,2021-06-12,2021-08-29,1,Monaco,Vanuatu,16331.95,2,1,2,3203.24
IDXX67596,Adonis\AS-273,Mr. Ramon Hanson,M,2012-12-14,2021-09-15,2022-01-26,0,Montserrat,Ukraine,8876.2,2,1,2,1784.86
IDYY13638,Calisto\CS-181,Mr. Stephen Brown,M,1983-04-28,2021-02-23,2021-09-16,1,Suriname,Oman,8069.51,2,1,1,1136.34
IDZZ32707,Omega\OG-080,Mr. Robert Belcher,M,1989-08-14,2021-04-10,2021-04-15,1,Aruba,Afghanistan,13195.58,1,1,2,1788.95
IDZZ67568,Omega\OG-831,Mr. Joseph Leung,M,2012-04-07,2021-08-19,2022-04-01,0,Kenya,Heard Island and McDonald Islands,6761.57,1,0,1,710.43
IDXX51153,Adonis\AS-671,Mr. Allen Hanlon,M,1992-12-09,2021-06-14,2021-11-12,1,Guatemala,Suriname,3968.38,0,1,2,1161.99
IDZZ25689,Omega\OG-757,Ms. Babara Layton,F,2019-03-10,2021-09-21,2022-09-10,0,Sri Lanka,Spain,8988.14,1,1,2,1248.85
IDZZ20972,Omega\OG-365,Mr. Corey Mackie,M,2013-10-18,2021-02-23,2022-01-30,0,Iran,Senegal,7123.33,2,0,2,1042.66
IDZZ83147,Omega\OG-744,Mr. Joseph Alexander,F,2017-12-29,2021-01-06,2021-08-18,0,British Virgin Islands,Turks and Caicos Islands,832.28,1,0,1,350.69
IDYY06553,Calisto\CS-961,Ms. Janet Pontiff,F,1994-06-25,2021-12-09,2021-12-23,1,Pakistan,Madagascar,5976.77,1,0,2,1373.35
IDXX66144,Adonis\AS-627,Mr. Robert Neal,M,1981-10-08,2021-04-11,2021-12-30,1,Mayotte,Burkina Faso,5865.47,1,1,1,895.23
IDXX25213,Adonis\AS-744,Mr. Daniel Jordan,M,2006-05-14,2021-11-16,2022-04-09,0,Guinea-Bissau,Guernsey,4349.73,1,1,2,1061.97
IDXX67198,Adonis\AS-281,Ms. Christine Gonzalez,F,2003-12-19,2021-06-19,2021-11-02,1,Egypt,Romania,2190.43,0,0,2,940.07
IDXX76272,Adonis\AS-059,Ms. Suzanne Montemurro,F,2014-06-26,2021-02-05,2021-07-25,0,Cayman Islands,Singapore,17665.44,2,0,2,3730.06
IDYY08645,Calisto\CS-603,Ms. Kathi Ramage,F,2019-07-06,2021-06-30,2021-11-30,0,Iran,Uruguay,13546.23,1,1,2,2226.98
IDYY07882,Calisto\CS-753,Ms. Judy Mcdaniel,F,1984-10-05,2021-05-27,2021-10-27,1,Uganda,Saudi Arabia,2860.23,1,1,2,797.2
IDXX34739,Adonis\AS-735,Ms. Connie Reed,F,1998-05-12,2021-06-17,2022-01-12,1,Costa Rica,Madagascar,14633.2,1,0,1,1863.81
IDZZ14761,Omega\OG-841,Ms. Kelli King,F,2010-09-30,2021-09-22,2021-12-24,0,Turkey,Barbados,9505.45,2,0,2,1326.69
IDYY86080,Calisto\CS-267,Ms. Rosanne Acosta,F,1983-11-11,2021-10-07,2022-04-10,1,Kosovo,Qatar,3361.73,0,1,2,967.26
IDYY22449,Calisto\CS-798,Mr. Tyler Wise,M,2016-03-13,2021-03-01,2021-09-26,0,Togo,Sweden,10700.3,1,0,2,1240.22
IDXX30453,Adonis\AS-459,Ms. Rose Donley,F,2007-03-19,2021-10-21,2022-07-24,0,Russia,Brazil,14467.39,1,1,2,2880.81
IDZZ00983,Omega\OG-869,Ms. Denise Adams,F,2001-07-10,2021-11-28,2022-11-17,1,Bouvet Island,Benin,7095.09,2,1,1,654.21
IDXX75619,Adonis\AS-184,Mr. Hugh Raggio,M,Mon Aug  2 00:00:00 2021,2021-12-20,2022-12-05,0,Kazakhstan,American Samoa,13624.79,1,0,1,1673.51
IDZZ02116,Omega\OG-394,Ms. Ebony Phillips,F,1992-04-07,2021-04-05,2021-09-13,1,Samoa,Netherlands,15759.12,1,0,2,2304.99
IDXX38459,Adonis\AS-618,Mr. Kenneth Musgrave,M,2015-09-29,2021-05-06,2021-05-29,0,Seychelles,Kyrgyzstan,5471.21,0,0,3,2033.3
IDXX77649,Adonis\AS-384,Ms. Susan Foley,F,2002-12-10,2021-05-20,2021-09-03,1,Afghanistan,Ghana,7565.39,2,1,2,1810.95
IDYY30522,Calisto\CS-691,Mr. Richard Shaw,M,2016-05-24,2021-04-22,2021-05-22,0,Fiji,Côte d'Ivoire,18895.47,2,0,3,4714.9
IDZZ51537,Omega\OG-874,Mr. Sheldon Robinson,M,1993-10-11,2021-09-11,2022-09-03,1,Guam,Seychelles,10064.18,2,0,2,1512.62
IDXX24899,Adonis\AS-700,Mr. Mark Troilo,M,2008-02-26,2021-07-23,2021-09-18,0,United Arab Emirates,Moldova,3499.08,2,0,3,1242.25
IDZZ27987,Omega\OG-104,Mr. John Sikes,M,2019-09-07,2021-06-24,2021-08-18,0,Syria,Greenland,6075.85,1,0,2,1032.0
IDZZ01382,Omega\OG-159,Ms. Theresa Robinson,F,2005-02-07,2021-07-18,2022-03-15,1,Moldova,Somalia,5003.6,2,1,1,536.28
IDZZ74256,Omega\OG-735,Mr. Joseph Maloon,M,1994-11-08,2021-05-06,2021-11-04,1,Cocos [Keeling] Islands,Cook Islands,10876.3,2,1,1,853.38
IDZZ64849,Omega\OG-611,Ms. Dorothy Munoz,F,1983-10-09,2021-11-29,2022-11-17,1,Romania,Latvia,1217.67,0,1,1,541.35
IDXX48974,Adonis\AS-325,Mr. Seth Felix,M,1982-01-16,2021-01-27,2021-05-12,1,Belize,Mayotte,15042.55,1,1,2,3065.46
IDZZ42170,Omega\OG-382,Mr. Scott Macias,M,2008-08-14,2021-11-02,2022-02-08,0,China,South Korea,2120.69,2,0,2,448.18
IDXX38981,Adonis\AS-521,Mr. Jacob Mucciolo,M,1988-10-23,2021-07-12,2022-06-13,1,Pakistan,Afghanistan,425.57,2,1,1,304.23
IDZZ32358,Omega\OG-882,Mr. Bernard Windish,M,2014-06-22,2021-13-03,2021-04-15,0,Ethiopia,Luxembourg,5528.1,1,0,2,967.06
IDYY11646,Calisto\CS-080,Mr. Billy Medrano,M,2000-06-13,2021-09-05,2022-03-25,1,Bolivia,Mauritania,7090.78,2,1,1,782.53
IDYY50109,Calisto\CS-411,Mr. Duane Holquin,M,1986-02-10,2021-07-26,2021-09-13,1,Dominica,Solomon Islands,15486.07,1,1,2,2608.75
IDZZ38835,Omega\OG-094,Mr. Wesley Melson,M,1997-05-19,2021-01-17,2021-07-01,1,Monaco,Libya,2131.31,2,0,2,556.58
IDZZ88432,Omega\OG-594,Mr. Lawrence Sadler,M,1996-09-14,2021-11-22,2022-07-08,1,Ghana,Albania,4248.03,0,1,1,698.82
IDZZ97168,Omega\OG-846,Mr. Raphael Lemon,M,1986-03-23,2021-09-29,2022-02-08,1,Mali,Slovakia,4070.06,0,1,2,904.32
IDYY11507,Calisto\CS-278,Mr. Tanner Roth,M,1992-07-11,2021-10-12,2022-03-09,1,Cyprus,Sierra Leone,5466.9,1,0,2,1295.16
IDYY94015,Calisto\CS-848,Ms. Karen Malm,F,2007-07-16,2021-01-30,2021-05-01,0,Cocos [Keeling] Islands,Heard Island and McDonald Islands,5005.78,0,1,2,1096.87
IDYY39888,Calisto\CS-837,Ms. Tanya Constanza,F,1981-03-07,2021-04-13,2021-06-11,1,Hong Kong,Iraq,6913.54,0,0,2,1651.81
IDYY95334,Calisto\CS-940,Ms. Dorothy Owens,F,1980-03-29,2021-01-21,2022-01-15,1,Nauru,Uganda,14987.76,1,0,2,2827.86
IDYY14821,Calisto\CS-001,Ms. Louise Kost,F,2006-10-08,2021-03-01,2021-07-17,0,French Southern Territories,Angola,6335.99,1,0,2,1314.39
IDXX82846,Adonis\AS-654,Ms. Sandra Hankerson,F,1993-05-21,2021-08-06,2022-04-05,1,Guinea-Bissau,Russia,10382.63,2,1,1,1198.49
IDXX03608,Adonis\AS-642,Ms. Charlotte Hillman,F,2001-12-20,2021-07-14,2021-10-10,1,French Southern Territories,Bangladesh,8385.59,1,0,2,2063.7
IDZZ65736,Omega\OG-880,Mr. Mario Cook,M,2020-09-29,2021-01-09,2021-09-20,0,Qatar,Zimbabwe,5484.87,0,0,1,747.81
IDXX21045,Adonis\AS-971,Ms. Deborah Velez,F,2016-12-01,2021-06-02,2021-12-03,1,Montserrat,Jordan,9854.09,0,1,1,1243.09
IDZZ99106,Omega\OG-002,Ms. Tonya Steel,F,1985-06-29,2021-01-08,2021-12-25,1,Argentina,Samoa,10616.03,2,0,2,1580.88
IDXX92076,Adonis\AS-982,Ms. Ida Stevenson,F,1990-02-02,2021-02-14,2021-11-16,1,Guatemala,Gibraltar,8540.38,0,1,1,1225.06
IDZZ27847,Omega\OG-759,Ms. Mary Frausto,F,2020-08-07,2021-06-24,2022-01-29,0,Norway,France,1637.43,0,0,2,614.12
IDYY89850,Calisto\CS-287,Ms. Charlotte Garza,F,2016-10-02,2021-05-08,2021-07-07,0,Colombia,South Georgia and the South Sandwich Islands,7436.18,2,1,2,1226.85
IDYY11619,Calisto\CS-077,Mr. Michael Acosta,M,2001-03-13,2021-06-28,Tue Oct 12 00:00:00 2021,1,Slovakia,Sudan,4102.32,0,0,2,1195.62
IDXX41930,Adonis\AS-757,Mr. Jesus Perreault,M,1981-07-19,2021-03-17,2021-11-03,1,Mauritius,Dominican Republic,14572.37,1,0,1,1857.27
IDXX95249,Adonis\AS-235,Mr. Michael Romero,M,2006-10-17,2021-09-15,2022-08-16,0,Qatar,Marshall Islands,12609.74,1,0,1,1559.94
IDYY78320,Calisto\CS-710,Ms. Erika Smith,F,2006-01-16,2021-09-22,2022-05-04,1,Iran,Vietnam,5876.81,1,0,1,895.17
IDYY34675,Calisto\CS-648,Mr. Frank Hutchins,M,2003-03-13,2021-11-08,2021-12-28,1,Fiji,Serbia,16369.16,2,0,2,2920.2
IDXX84785,Adonis\CS-546,Ms. Adrienne Boyles,F,2014-07-05,2021-02-13,2021-05-01,0,Croatia,Bermuda,6805.38,0,1,2,1588.5
IDZZ82911,Omega\OG-709,Mr. Charles Holtrop,M,1996-08-26,2021-10-27,2022-06-21,1,Norfolk Island,Paraguay,12367.67,1,1,1,1034.83
IDXX72837,Adonis\AS-675,Ms. Karina Bishop,F,1986-10-03,2021-05-16,2022-01-09,1,Saint Vincent and the Grenadines,Nepal,14113.54,2,0,2,3122.84
IDYY33374,Calisto\CS-253,Mr. Michael Mcclish,M,1995-06-30,2021-08-25,2021-10-08,1,Saint Helena,Croatia,8122.31,1,0,2,1732.12
IDZZ55696,Omega\OG-033,Ms. Cathy Straus,F,1980-08-30,2021-03-29,2022-01-26,1,Gambia,Bermuda,5432.5,1,1,1,664.42
IDZZ36791,Omega\OG-868,Mr. Grant Norman,M,2009-02-13,2021-02-27,2021-04-12,0,Argentina,Cameroon,9324.15,2,0,2,1310.4
IDYY94396,Calisto\CS-261,Ms. Frankie Farmer,F,1988-12-21,2021-03-02,2021-10-25,1,Kenya,Barbados,10826.38,2,1,1,1054.48
IDZZ76875,Omega\OG-381,Mr. Kenneth Evans,M,2012-07-09,2021-05-20,2022-01-30,0,United Kingdom,Ethiopia,6419.62,0,1,2,1051.26
IDYY95209,Calisto\CS-278,Ms. Marsha Payne,F,2015-08-06,2021-11-21,2022-06-15,0,Macedonia [FYROM],Pakistan,4405.81,2,0,1,532.66
IDXX32205,Adonis\AS-254,Mr. William Marcus,M,2017-06-12,2021-10-07,2021-11-18,0,Svalbard and Jan Mayen,Saint Lucia,8378.95,2,1,2,1675.93
IDXX71670,Adonis\AS-867,Ms. Cynthia Koffman,F,2017-03-26,2021-04-15,2022-01-10,0,Montenegro,Botswana,7260.26,2,1,1,825.97
IDZZ16445,Omega\OG-728,Mr. Jeffrey Hudson,M,1993-11-12,2021-02-05,2021-12-22,1,Barbados,Djibouti,11001.61,2,1,1,860.52
IDYY40281,Calisto\CS-112,Mr. Dalton Lennon,M,1992-08-26,2021-11-28,2022-05-21,1,Slovakia,Nigeria,4525.81,0,0,2,1264.86
IDXX89422,Adonis\AS-454,Mr. Lou Rodriguez,M,2000-08-08,2021-09-25,2021-10-05,1,Saint Vincent and the Grenadines,Marshall Islands,13817.94,2,0,2,3058.41
IDYY99778,Calisto\CS-211,Mr. George Tuten,M,1991-10-11,2021-02-08,2021-11-21,1,Brunei,Saint Helena,13740.18,2,0,2,2488.15
IDZZ48275,Omega\OG-732,Ms. Nichol Burris,F,2004-06-28,2021-04-10,2021-09-27,1,Jamaica,Jersey,7433.47,1,1,2,1168.57
IDYY42815,Calisto\CS-739,Ms. Christina Sears,F,2000-10-15,2021-02-08,2021-12-24,1,Lithuania,Netherlands Antilles,9089.25,2,0,1,1021.06
IDZZ86942,Omega\OG-670,Ms. Diane Ross,F,1980-09-08,2021-10-24,2022-05-07,1,Uganda,Serbia,4876.35,0,1,2,995.87
IDZZ92614,Omega\OG-852,Mr. Rene Shewmaker,M,2006-08-07,2021-08-11,2022-06-24,0,Kenya,Syria,3878.35,1,1,1,479.14
IDXX65665,Adonis\AS-924,Ms. Patricia Arnold,F,2009-02-09,2021-11-25,2022-04-10,0,Svalbard and Jan Mayen,Haiti,8099.9,1,0,2,1920.33
IDZZ99155,Omega\OG-854,Ms. Iris Smith,F,2015-10-14,2021-11-23,2022-05-20,0,Sierra Leone,Western Sahara,1757.74,2,1,2,360.0
IDYY33195,Calisto\CS-618,Ms. Elaine Grandfield,F,2010-10-13,2021-08-15,2022-03-15,0,Palau,Timor-Leste,2072.02,1,1,1,421.65
IDYY29608,Calisto\CS-424,Ms. Kristin Noble,F,1984-08-06,2021-07-05,2021-12-26,1,Botswana,Congo [DRC],2060.32,2,1,2,562.64
IDZZ73428,Omega\OG-517,Mr. Keith Sanders,M,2012-06-20,2021-03-04,2021-04-22,0,Sierra Leone,Djibouti,5960.97,2,1,2,818.64
IDXX93019,Adonis\AS-159,Ms. Carol Landry,F,1995-01-21,2021-12-08,2022-01-27,1,Sierra Leone,Dominican Republic,6393.03,2,0,2,1573.27
IDYY77127,Calisto\CS-340,Ms. Linda Gaston,F,1990-06-12,2021-07-03,2021-10-09,1,Italy,Maldives,7382.3,2,0,2,1485.23
IDZZ25600,Omega\OG-017,Mr. Alfred Robinette,M,2012-11-02,2021-02-27,2022-01-11,0,Russia,Saint Vincent and the Grenadines,11659.54,1,0,1,998.07
IDZZ54068,Omega\OG-637,Ms. Shannon King,F,2000-10-27,2021-06-02,2021-06-19,1,Turkmenistan,Somalia,3998.16,0,0,3,1245.1
IDZZ26530,Omega\OG-854,Mr. Hugo Mcgowan,M,1996-04-25,2021-08-26,2021-11-07,1,Ecuador,Vatican City,10207.42,2,0,2,1520.62
IDYY40313,Calisto\CS-448,Ms. Bonita Delaney,F,1980-11-16,2021-08-19,2021-11-30,1,Algeria,Maldives,8041.71,0,1,2,1649.73
IDZZ10632,Omega\OG-515,Ms. Marjorie Eilers,F,2021-11-14,2021-04-07,2021-06-26,0,Afghanistan,Bulgaria,3772.39,2,0,2,647.92
IDYY38933,Calisto\CS-000,Mr. Richard Alaniz,M,2019-07-18,2021-07-02,2021-09-05,0,Niue,Macedonia [FYROM],17295.85,1,1,2,2763.5
IDZZ44801,Omega\OG-936,Ms. Connie Larson,F,2009-04-10,2021-05-10,2021-10-27,0,Netherlands,Nigeria,4802.14,1,0,2,874.42
IDYY41747,Calisto\CS-947,Mr. Morton Jones,M,1997-06-28,2021-08-20,2021-11-08,1,Armenia,Ecuador,12921.72,2,1,2,2122.03
IDZZ95422,Omega\OG-088,Mr. Duane Kliebert,M,2020-08-07,2021-06-17,2022-04-03,0,Cambodia,Turks and Caicos Islands,16207.28,1,1,2,2014.44
IDZZ18359,Omega\OG-362,Ms. Sharon Lyons,F,1998-03-29,2021-07-27,2022-02-15,1,Hungary,Christmas Island,10583.77,1,1,1,944.28
IDZZ41606,Omega\OG-852,Ms. Barbara Pinckney,F,1990-08-08,2021-09-07,2022-01-21,1,Syria,Kosovo,1790.39,1,1,2,554.96
IDXX46850,Adonis\AS-198,Ms. Jama Walter,F,1982-03-28,2021-23-04,2021-11-05,1,Suriname,Vanuatu,15161.74,2,0,1,1811.69
IDZZ50587,Omega\OG-090,Mr. Wesley Hall,M,1995-07-06,2021-06-05,2022-04-26,1,Grenada,Denmark,7721.84,1,0,1,870.89
IDZZ02235,Omega\OG-831,Mr. Ryan Ellison,M,2016-09-15,2021-12-11,2022-09-03,0,Anguilla,Puerto Rico,372.35,2,0,2,232.19
IDYY63557,Calisto\CS-129,Ms. Lea Padgett,F,2018-10-06,2021-01-31,2021-03-14,0,San Marino,Russia,5971.15,2,1,3,1462.93
IDYY11206,Calisto\CS-175,Mr. Jeremy Daniel,M,2021-09-03,2021-08-07,2022-01-09,0,Panama,Chad,10772.84,2,0,2,1911.41
IDZZ98364,Omega\OG-602,Mr. Curtis Farris,M,1985-05-06,2021-12-03,2022-06-09,1,Mauritius,Saint Vincent and the Grenadines,13497.55,1,1,1,1102.04
IDYY30935,Calisto\CS-077,Ms. Dorothy Roberts,F,2012-05-23,2021-09-08,2021-12-03,0,Belgium,Serbia,1438.32,1,0,2,480.13
IDYY82419,Calisto\CS-992,Ms. Julie Seymour,F,2002-05-18,2021-02-01,2021-11-08,1,Brunei,Réunion,7057.18,2,1,1,778.35
IDXX39487,Adonis\AS-773,Ms. Doretha Bruno,F,1982-04-05,2021-08-11,2021-12-23,1,Turkey,Mongolia,5481.84,2,0,2,1391.03
IDZZ06479,Omega\OG-424,Ms. Stephanie Box,F,1995-06-25,2021-05-25,2021-10-28,1,Marshall Islands,New Caledonia,3179.67,0,0,2,900.35
IDYY39917,Calisto\CS-796,Ms. Jennifer Gentery,F,2007-07-30,2021-04-08,2021-07-24,0,Macedonia [FYROM],Nauru,14282.99,2,1,2,2211.24
IDZZ08159,Omega\OG-153,Ms. Tera Way,F,1981-02-13,2021-01-22,2021-02-13,1,Cocos [Keeling] Islands,Fiji,8853.13,0,1,3,1902.83
IDYY34381,Calisto\CS-955,Mr. Erin Jones,M,2020-02-03,2021-02-06,2022-02-04,0,San Marino,Svalbard and Jan Mayen,3775.5,1,1,1,540.34
IDXX53308,Adonis\AS-419,Ms. Monique Vu,F,2004-05-05,2021-05-07,2022-05-02,1,Vatican City,Belize,9620.89,2,0,1,1256.48
IDYY43694,Calisto\CS-403,Mr. Willie Miller,M,1991-07-14,2021-07-31,2022-02-28,1,Eritrea,Liberia,5456.53,0,0,1,980.26
IDXX11198,Adonis\AS-033,Ms. Lisa Newsome,F,1980-04-09,2021-03-12,2021-09-19,1,Tuvalu,Qatar,14011.56,2,0,2,3100.39
IDYY94029,Calisto\CS-216,Mr. Milton Guerra,M,2007-Aug-02,2021-01-01,2021-06-03,0,Mayotte,Zimbabwe,1845.85,0,0,2,717.59
IDXX89863,Adonis\AS-355,Mr. Christopher Parnell,M,2008-11-13,2021-06-26,2021-07-23,0,Samoa,Mongolia,10687.51,1,1,2,2198.81
IDXX31775,Adonis\AS-328,Mr. Anthony Meyer,M,2011-01-01,2021-06-05,2022-04-24,0,Guernsey,Bahamas,6855.21,0,0,2,1768.36
IDXX43120,Adonis\AS-614,Mr. Lawrence Jackson,M,2006-02-10,2021-07-15,2021-08-20,0,Gabon,Mozambique,3282.82,0,0,2,1059.63
IDZZ78139,Omega\OG-730,Mr. Eric Lackey,M,2005-01-25,2021-12-15,2022-04-10,1,Uzbekistan,Bahrain,2144.94,0,0,2,778.78
IDZZ49999,Omega\OG-239,Mr. Donald Barnhart,M,1998-02-24,2021-05-27,2021-12-08,1,Egypt,Mayotte,4678.82,2,0,1,578.19
IDYY29879,Calisto\CS-165,Ms. Sandy Kopicko,F,1998-01-13,2021-01-20,2022-01-05,1,Dominican Republic,New Zealand,13448.75,2,0,1,1372.36
IDYY10602,Calisto\CS-682,Ms. Debra Newberry,F,1992-09-11,2021-01-28,2021-05-15,1,Marshall Islands,Tonga,3485.17,1,1,2,879.3
IDXX70899,Adonis\AS-274,Mr. Richard Kirby,M,2013-09-15,2021-06-02,2022-Feb-09,0,Namibia,Moldova,7895.77,0,0,1,1182.85
IDXX83035,Adonis\AS-973,Mr. Ernest Robinson,M,Sun Sep  8 00:00:00 1991,2021-05-29,2022-04-16,1,Cyprus,Nauru,13873.17,2,1,2,2763.73
IDXX18996,Adonis\AS-402,Mr. Chris Blomquist,M,1985-02-08,2021-08-19,2021-11-01,1,Saint Lucia,Tajikistan,12349.73,1,1,2,2590.52
IDYY25682,Calisto\CS-387,Mr. Randy Hicks,M,1998-03-29,2021-04-21,2022-01-19,1,Azerbaijan,China,4905.16,2,0,1,690.96
IDZZ58065,Omega\OG-591,Ms. Heather Morris,F,1983-06-09,2021-10-11,2022-04-26,1,China,Marshall Islands,7483.51,0,1,1,881.61
IDYY43141,Calisto\CS-489,Mr. Richard Cross,F,1984-05-24,2021-04-07,2022-02-19,1,Svalbard and Jan Mayen,Bhutan,6481.89,1,1,2,1316.63
IDYY99283,Calisto\CS-567,Ms. Rosa Krupa,F,1992-01-08,2021-05-18,2021-10-29,1,Ukraine,Bulgaria,768.24,0,0,2,659.49
IDZZ17181,Omega\OG-846,Ms. Sharon Love,F,2005-08-21,2021-06-07,2021-06-21,0,Vietnam,Portugal,11174.84,1,0,2,1637.0
IDXX87044,Adonis\AS-241,Ms. Nancy Bellefeuille,F,1988-10-13,2021-08-10,2022-05-16,1,French Polynesia,Benin,16842.22,1,1,1,1880.98
IDXX83870,Adonis\cs-986,Mr. John Burke,M,1981-08-24,2021-02-04,2021-06-28,1,China,Morocco,9644.92,0,1,2,2195.72
IDXX26766,Adonis\AS-815,Mr. Nickolas Mcbride,M,2016-05-18,2021-04-04,2021-07-29,0,Iran,Azerbaijan,1018.33,0,1,2,544.63
IDZZ60988,Omega\OG-102,Ms. Cynthia Stewart,F,2000-02-02,2021-12-06,2022-08-15,1,Taiwan,Solomon Islands,5652.94,2,1,1,562.84
IDYY90518,Calisto\CS-445,Ms. Mary Tappan,F,2014-07-20,2021-11-12,2022-05-23,0,Nicaragua,Luxembourg,9023.17,0,1,1,1027.49
IDYY99462,Calisto\CS-256,Ms. Elaine Morrison,F,2010-08-04,2021-04-20,2021-09-23,0,Northern Mariana Islands,Madagascar,11496.61,2,0,2,2017.28
IDXX74885,Adonis\AS-021,Mr. Tim Opperman,M,2011-07-07,2021-09-21,2022-04-11,0,Zimbabwe,Macedonia [FYROM],6791.62,2,0,1,887.8
IDZZ42239,Omega\OG-380,Ms. Nichole Palmer,F,1995-05-16,2021-01-14,2021-03-16,1,Malta,Kosovo,930.44,1,1,2,476.39
IDZZ42177,Omega\OG-667,Ms. Myra Funk,F,2015-01-26,2021-05-14,2021-08-29,0,Namibia,Lebanon,6586.55,1,1,2,984.82
IDXX99656,Adonis\AS-393,Ms. Peggy Grayson,F,1984-04-10,2021-07-14,2022-01-30,1,Zimbabwe,Chad,4003.36,1,0,2,1209.6
IDYY07161,Calisto\CS-190,Mr. Bruce Rodriguez,M,2019-01-12,2021-08-24,2022-01-07,0,Afghanistan,Tokelau,13373.8,2,0,2,2314.6
IDYY87783,Calisto\CS-368,Ms. Anna Holmberg,F,1986-06-15,2021-05-10,2021-05-27,1,Sri Lanka,Somalia,3834.47,2,1,2,821.28
IDYY46441,Calisto\CS-527,Ms. Amber Watkins,F,2018-11-12,2021-10-05,2022-06-23,0,Tonga,Isle of Man,16273.44,2,1,1,1330.09
IDXX91935,Adonis\AS-726,Mr. Thomas Coco,M,1981-07-26,2021-08-30,2022-08-07,1,Algeria,Thailand,10076.99,1,0,2,2422.31
IDZZ25281,Omega\OG-914,Ms. Hanh Wyant,F,1989-09-07,2021-04-03,2021-05-19,0,Aruba,Bermuda,2267.43,0,1,2,711.17
IDXX80872,Adonis\AS-697,Ms. Carol Kelsheimer,F,1993-01-24,2021-12-07,2022-11-05,1,Chile,Morocco,10078.82,1,0,2,2416.1
IDYY33328,Calisto\CS-542,Ms. Elaine Goodson,F,2019-11-01,2021-13-06,2021-08-28,0,Czech Republic,Brazil,9683.57,1,1,2,1662.55
IDZZ26009,Omega\OG-046,Mr. Micheal Jennings,M,1992-05-09,2021-08-18,2022-02-14,1,Cuba,Morocco,7007.46,2,1,1,647.49
IDZZ90640,Omega\OG-463,Mr. Walter Marsh,M,1985-06-19,2021-10-28,2022-04-24,1,Greenland,Réunion,12528.81,1,1,2,1723.2
IDZZ33460,Omega\OG-166,Mr. Joseph Secrease,M,2005-02-03,2021-01-16,2021-07-27,1,Ghana,Jamaica,8299.15,2,1,1,714.55
IDXX84933,Adonis\AS-704,Ms. Jacinta Ash,F,2021-07-06,2021-12-29,2022-02-20,0,Saint Helena,Niue,14754.2,2,0,3,4628.98
IDZZ19393,Omega\OG-302,Ms. Lisa Loper,F,1991-07-15,2021-08-20,2022-01-06,1,Jordan,Saint Helena,7840.3,2,1,2,1113.19
IDYY64941,Calisto\CS-266,Ms. Becky Sweeney,F,1989-03-18,2021-07-01,2022-03-07,1,Malta,Cook Islands,18304.7,2,1,1,1587.69
IDYY24394,Calisto\CS-300,Mr. Darren Willis,M,2006-10-10,2021-01-08,2021-06-03,0,Greece,Sri Lanka,6803.42,0,0,2,1509.8
IDZZ85194,Omega\OG-197,Mr. Lawrence Mcconnell,M,2001-12-05,2021-04-01,2021-05-24,1,Equatorial Guinea,Réunion,5540.05,0,1,2,1065.06
